<?xml version="1.0" encoding="UTF-8"?>
<export version="D">
  <design>
    <source>/Users/ignacio/Ignacio_Documents/KICAD_Designs/ECE_411_project/ECE_411_project.sch</source>
    <date>Wednesday, November 13, 2019 at 10:43:05 PM</date>
    <tool>Eeschema (5.1.4-0-10_14)</tool>
    <sheet number="1" name="/" tstamps="/">
      <title_block>
        <title/>
        <company/>
        <rev/>
        <date/>
        <source>ECE_411_project.sch</source>
        <comment number="1" value=""/>
        <comment number="2" value=""/>
        <comment number="3" value=""/>
        <comment number="4" value=""/>
      </title_block>
    </sheet>
  </design>
  <components>
    <comp ref="J1">
      <value>Boot Loader &amp; Program</value>
      <footprint>Connector_PinSocket_2.54mm:PinSocket_1x06_P2.54mm_Vertical</footprint>
      <datasheet>https://www.sparkfun.com/products/9280</datasheet>
      <fields>
        <field name="SPARKFUN P/N">09280</field>
      </fields>
      <libsource lib="Connector" part="Conn_01x06_Female" description="Generic connector, single row, 01x06, script generated (kicad-library-utils/schlib/autogen/connector/)"/>
      <sheetpath names="/" tstamps="/"/>
      <tstamp>5DB1C445</tstamp>
    </comp>
    <comp ref="U2">
      <value>LP2985-3.3</value>
      <footprint>Package_TO_SOT_SMD:SOT-23-5</footprint>
      <datasheet>http://www.ti.com/lit/ds/symlink/lp2985.pdf</datasheet>
      <fields>
        <field name="DIGIKEY P/N">296-18476-1-ND</field>
      </fields>
      <libsource lib="Regulator_Linear" part="LP2985-3.3" description="150mA 16V Low-noise Low-dropout Regulator With Shutdown, 3.3V output voltage, SOT-23-5"/>
      <sheetpath names="/" tstamps="/"/>
      <tstamp>5DC8145B</tstamp>
    </comp>
    <comp ref="C6">
      <value>2.2u</value>
      <footprint>Capacitor_SMD:C_0805_2012Metric</footprint>
      <datasheet>https://www.mouser.com/ProductDetail/Murata-Electronics/GCM21BR71A225JA37L?qs=eeBpzGFlv%252B8uCRY8MWY6Og%3D%3D</datasheet>
      <fields>
        <field name="MOUSER P/N">81-GCM21BR71A225JA7L</field>
        <field name="Rated DC voltage">10V</field>
        <field name="Tolerance ">5%</field>
      </fields>
      <libsource lib="Device" part="C" description="Unpolarized capacitor"/>
      <sheetpath names="/" tstamps="/"/>
      <tstamp>5DC91804</tstamp>
    </comp>
    <comp ref="C3">
      <value>1u</value>
      <footprint>Capacitor_SMD:C_0805_2012Metric</footprint>
      <datasheet>https://www.mouser.com/ProductDetail/AVX/08056C105JAZ2A?qs=G2E3TvrFun38e5oIaHmBpQ%3D%3D</datasheet>
      <fields>
        <field name="MOUSER P/N">581-08056C105JAZ2A</field>
        <field name="Rated DC voltage">6.3V</field>
        <field name="Tolerance">5%</field>
      </fields>
      <libsource lib="Device" part="C" description="Unpolarized capacitor"/>
      <sheetpath names="/" tstamps="/"/>
      <tstamp>5DC97B08</tstamp>
    </comp>
    <comp ref="U1">
      <value>MT3608</value>
      <footprint>Package_TO_SOT_SMD:SOT-23-6</footprint>
      <datasheet>https://www.olimex.com/Products/Breadboarding/BB-PWR-3608/resources/MT3608.pdf</datasheet>
      <fields>
        <field name="MOUSER P/N">N/A</field>
      </fields>
      <libsource lib="ECE411_SYMBOLS" part="MT3608" description=""/>
      <sheetpath names="/" tstamps="/"/>
      <tstamp>5DB2CEFF</tstamp>
    </comp>
    <comp ref="C4">
      <value>22u</value>
      <footprint>Capacitor_SMD:C_1206_3216Metric</footprint>
      <datasheet>~</datasheet>
      <fields>
        <field name="DIELECTRIC">X5R</field>
        <field name="MOUSER P/N">581-12063D226KAT2A</field>
        <field name="Tolerance ">10%</field>
        <field name="Voltage Rating DC">25 V</field>
      </fields>
      <libsource lib="Device" part="C" description="Unpolarized capacitor"/>
      <sheetpath names="/" tstamps="/"/>
      <tstamp>5DB3880C</tstamp>
    </comp>
    <comp ref="L1">
      <value>22u</value>
      <footprint>ECE_411_project:Boost_inductor</footprint>
      <fields>
        <field name="MOUSER P/N">N/A</field>
      </fields>
      <libsource lib="Device" part="L" description="Inductor"/>
      <sheetpath names="/" tstamps="/"/>
      <tstamp>5DB4987A</tstamp>
    </comp>
    <comp ref="D4">
      <value>D_Schottky</value>
      <footprint>Diode_SMD:D_SMC</footprint>
      <datasheet>https://www.mouser.com/datasheet/2/308/SS34-1307214.pdf</datasheet>
      <fields>
        <field name="MOUSER P/N">512-SS34</field>
      </fields>
      <libsource lib="Device" part="D_Schottky" description="Schottky diode"/>
      <sheetpath names="/" tstamps="/"/>
      <tstamp>5DB5B378</tstamp>
    </comp>
    <comp ref="RV1">
      <value>100k</value>
      <footprint>Potentiometer_THT:Potentiometer_Bourns_3296P_Horizontal</footprint>
      <datasheet>~</datasheet>
      <fields>
        <field name="MOUSER P/N">N/A</field>
      </fields>
      <libsource lib="Device" part="R_POT" description="Potentiometer"/>
      <sheetpath names="/" tstamps="/"/>
      <tstamp>5DB64043</tstamp>
    </comp>
    <comp ref="D9">
      <value>WS2812B</value>
      <footprint>LED_SMD:LED_WS2812B_PLCC4_5.0x5.0mm_P3.2mm</footprint>
      <datasheet>https://cdn-shop.adafruit.com/datasheets/WS2812B.pdf</datasheet>
      <fields>
        <field name="MOUSER P/N">N/A</field>
      </fields>
      <libsource lib="LED" part="WS2812B" description="RGB LED with integrated controller"/>
      <sheetpath names="/" tstamps="/"/>
      <tstamp>5DD5F5F7</tstamp>
    </comp>
    <comp ref="D8">
      <value>WS2812B</value>
      <footprint>LED_SMD:LED_WS2812B_PLCC4_5.0x5.0mm_P3.2mm</footprint>
      <datasheet>https://cdn-shop.adafruit.com/datasheets/WS2812B.pdf</datasheet>
      <fields>
        <field name="MOUSER P/N">N/A</field>
      </fields>
      <libsource lib="LED" part="WS2812B" description="RGB LED with integrated controller"/>
      <sheetpath names="/" tstamps="/"/>
      <tstamp>5DD70EB2</tstamp>
    </comp>
    <comp ref="D7">
      <value>WS2812B</value>
      <footprint>LED_SMD:LED_WS2812B_PLCC4_5.0x5.0mm_P3.2mm</footprint>
      <datasheet>https://cdn-shop.adafruit.com/datasheets/WS2812B.pdf</datasheet>
      <fields>
        <field name="MOUSER P/N">N/A</field>
      </fields>
      <libsource lib="LED" part="WS2812B" description="RGB LED with integrated controller"/>
      <sheetpath names="/" tstamps="/"/>
      <tstamp>5DD775A4</tstamp>
    </comp>
    <comp ref="D6">
      <value>WS2812B</value>
      <footprint>LED_SMD:LED_WS2812B_PLCC4_5.0x5.0mm_P3.2mm</footprint>
      <datasheet>https://cdn-shop.adafruit.com/datasheets/WS2812B.pdf</datasheet>
      <fields>
        <field name="MOUSER P/N">N/A</field>
      </fields>
      <libsource lib="LED" part="WS2812B" description="RGB LED with integrated controller"/>
      <sheetpath names="/" tstamps="/"/>
      <tstamp>5DD7C74F</tstamp>
    </comp>
    <comp ref="D5">
      <value>WS2812B</value>
      <footprint>LED_SMD:LED_WS2812B_PLCC4_5.0x5.0mm_P3.2mm</footprint>
      <datasheet>https://cdn-shop.adafruit.com/datasheets/WS2812B.pdf</datasheet>
      <fields>
        <field name="MOUSER P/N">N/A</field>
      </fields>
      <libsource lib="LED" part="WS2812B" description="RGB LED with integrated controller"/>
      <sheetpath names="/" tstamps="/"/>
      <tstamp>5DD82DF1</tstamp>
    </comp>
    <comp ref="D3">
      <value>WS2812B</value>
      <footprint>LED_SMD:LED_WS2812B_PLCC4_5.0x5.0mm_P3.2mm</footprint>
      <datasheet>https://cdn-shop.adafruit.com/datasheets/WS2812B.pdf</datasheet>
      <fields>
        <field name="MOUSER P/N">N/A</field>
      </fields>
      <libsource lib="LED" part="WS2812B" description="RGB LED with integrated controller"/>
      <sheetpath names="/" tstamps="/"/>
      <tstamp>5DD8A687</tstamp>
    </comp>
    <comp ref="D2">
      <value>WS2812B</value>
      <footprint>LED_SMD:LED_WS2812B_PLCC4_5.0x5.0mm_P3.2mm</footprint>
      <datasheet>https://cdn-shop.adafruit.com/datasheets/WS2812B.pdf</datasheet>
      <fields>
        <field name="MOUSER P/N">N/A</field>
      </fields>
      <libsource lib="LED" part="WS2812B" description="RGB LED with integrated controller"/>
      <sheetpath names="/" tstamps="/"/>
      <tstamp>5DD92B57</tstamp>
    </comp>
    <comp ref="D1">
      <value>WS2812B</value>
      <footprint>LED_SMD:LED_WS2812B_PLCC4_5.0x5.0mm_P3.2mm</footprint>
      <datasheet>https://cdn-shop.adafruit.com/datasheets/WS2812B.pdf</datasheet>
      <fields>
        <field name="MOUSER P/N">N/A</field>
      </fields>
      <libsource lib="LED" part="WS2812B" description="RGB LED with integrated controller"/>
      <sheetpath names="/" tstamps="/"/>
      <tstamp>5DD99DD9</tstamp>
    </comp>
    <comp ref="C12">
      <value>0.1u</value>
      <footprint>Capacitor_SMD:C_0805_2012Metric</footprint>
      <datasheet>https://www.mouser.com/datasheet/2/212/KEM_C1078_X7R_FT-CAP_AUTO_SMD-1103315.pdf</datasheet>
      <fields>
        <field name="MOUSER P/N">80-C0805X104K4RAUTO</field>
        <field name="Tolerance">10%</field>
        <field name="Voltage Rating DC">16 V</field>
      </fields>
      <libsource lib="Device" part="C" description="Unpolarized capacitor"/>
      <sheetpath names="/" tstamps="/"/>
      <tstamp>5DE4D5F5</tstamp>
    </comp>
    <comp ref="U3">
      <value>ATmega328P-PU</value>
      <footprint>Package_DIP:DIP-28_W7.62mm</footprint>
      <datasheet>http://ww1.microchip.com/downloads/en/DeviceDoc/ATmega328_P%20AVR%20MCU%20with%20picoPower%20Technology%20Data%20Sheet%2040001984A.pdf</datasheet>
      <fields>
        <field name="MOUSER P/N">N/A</field>
      </fields>
      <libsource lib="ECE411_SYMBOLS" part="ATmega328P-PU" description="20MHz, 32kB Flash, 2kB SRAM, 1kB EEPROM, DIP-28"/>
      <sheetpath names="/" tstamps="/"/>
      <tstamp>5DC793FD</tstamp>
    </comp>
    <comp ref="J8">
      <value>Gyro Header</value>
      <footprint>Connector_PinSocket_2.54mm:PinSocket_1x08_P2.54mm_Vertical</footprint>
      <datasheet>https://www.sparkfun.com/products/9279</datasheet>
      <fields>
        <field name="SPARKFUN P/N">09279</field>
      </fields>
      <libsource lib="ECE411_SYMBOLS" part="Conn_01x08_Female" description="Generic connector, single row, 01x08, script generated (kicad-library-utils/schlib/autogen/connector/)"/>
      <sheetpath names="/" tstamps="/"/>
      <tstamp>5DCC592C</tstamp>
    </comp>
    <comp ref="D10">
      <value>WS2812B</value>
      <footprint>LED_SMD:LED_WS2812B_PLCC4_5.0x5.0mm_P3.2mm</footprint>
      <datasheet>https://cdn-shop.adafruit.com/datasheets/WS2812B.pdf</datasheet>
      <fields>
        <field name="MOUSER P/N">N/A</field>
      </fields>
      <libsource lib="LED" part="WS2812B" description="RGB LED with integrated controller"/>
      <sheetpath names="/" tstamps="/"/>
      <tstamp>5DCF092E</tstamp>
    </comp>
    <comp ref="D11">
      <value>WS2812B</value>
      <footprint>LED_SMD:LED_WS2812B_PLCC4_5.0x5.0mm_P3.2mm</footprint>
      <datasheet>https://cdn-shop.adafruit.com/datasheets/WS2812B.pdf</datasheet>
      <fields>
        <field name="MOUSER P/N">N/A</field>
      </fields>
      <libsource lib="LED" part="WS2812B" description="RGB LED with integrated controller"/>
      <sheetpath names="/" tstamps="/"/>
      <tstamp>5DCF80F2</tstamp>
    </comp>
    <comp ref="D12">
      <value>WS2812B</value>
      <footprint>LED_SMD:LED_WS2812B_PLCC4_5.0x5.0mm_P3.2mm</footprint>
      <datasheet>https://cdn-shop.adafruit.com/datasheets/WS2812B.pdf</datasheet>
      <fields>
        <field name="MOUSER P/N">N/A</field>
      </fields>
      <libsource lib="LED" part="WS2812B" description="RGB LED with integrated controller"/>
      <sheetpath names="/" tstamps="/"/>
      <tstamp>5DCFFE87</tstamp>
    </comp>
    <comp ref="D13">
      <value>WS2812B</value>
      <footprint>LED_SMD:LED_WS2812B_PLCC4_5.0x5.0mm_P3.2mm</footprint>
      <datasheet>https://cdn-shop.adafruit.com/datasheets/WS2812B.pdf</datasheet>
      <fields>
        <field name="MOUSER P/N">N/A</field>
      </fields>
      <libsource lib="LED" part="WS2812B" description="RGB LED with integrated controller"/>
      <sheetpath names="/" tstamps="/"/>
      <tstamp>5DD08AF3</tstamp>
    </comp>
    <comp ref="J4">
      <value>OUT+</value>
      <footprint>Connector_PinHeader_2.54mm:PinHeader_1x01_P2.54mm_Vertical</footprint>
      <datasheet>https://www.digikey.com/product-detail/en/3m/929834-01-01-RK/3M156862-01-ND/2183993</datasheet>
      <fields>
        <field name="DIGIKEY P/N">3M156862-01-ND</field>
      </fields>
      <libsource lib="Connector" part="Conn_01x01_Male" description="Generic connector, single row, 01x01, script generated (kicad-library-utils/schlib/autogen/connector/)"/>
      <sheetpath names="/" tstamps="/"/>
      <tstamp>5DBBFBF2</tstamp>
    </comp>
    <comp ref="J5">
      <value>OUT-</value>
      <footprint>Connector_PinHeader_2.54mm:PinHeader_1x01_P2.54mm_Vertical</footprint>
      <datasheet>https://www.digikey.com/product-detail/en/3m/929834-01-01-RK/3M156862-01-ND/2183993</datasheet>
      <fields>
        <field name="DIGIKEY P/N">3M156862-01-ND</field>
      </fields>
      <libsource lib="Connector" part="Conn_01x01_Male" description="Generic connector, single row, 01x01, script generated (kicad-library-utils/schlib/autogen/connector/)"/>
      <sheetpath names="/" tstamps="/"/>
      <tstamp>5DBDC474</tstamp>
    </comp>
    <comp ref="J7">
      <value>B-</value>
      <footprint>Connector_PinHeader_2.54mm:PinHeader_1x01_P2.54mm_Vertical</footprint>
      <datasheet>https://www.digikey.com/product-detail/en/3m/929834-01-01-RK/3M156862-01-ND/2183993</datasheet>
      <fields>
        <field name="DIGIKEY P/N">3M156862-01-ND</field>
      </fields>
      <libsource lib="Connector" part="Conn_01x01_Male" description="Generic connector, single row, 01x01, script generated (kicad-library-utils/schlib/autogen/connector/)"/>
      <sheetpath names="/" tstamps="/"/>
      <tstamp>5DBEFAC3</tstamp>
    </comp>
    <comp ref="C14">
      <value>0.1u</value>
      <footprint>Capacitor_SMD:C_0805_2012Metric</footprint>
      <datasheet>https://www.mouser.com/datasheet/2/212/KEM_C1078_X7R_FT-CAP_AUTO_SMD-1103315.pdf</datasheet>
      <fields>
        <field name="MOUSER P/N">80-C0805X104K4RAUTO</field>
        <field name="Tolerance">10%</field>
        <field name="Voltage Rating DC">16 V</field>
      </fields>
      <libsource lib="Device" part="C" description="Unpolarized capacitor"/>
      <sheetpath names="/" tstamps="/"/>
      <tstamp>5DC25148</tstamp>
    </comp>
    <comp ref="C15">
      <value>22p</value>
      <footprint>Capacitor_SMD:C_0402_1005Metric</footprint>
      <datasheet>https://www.digikey.com/product-detail/en/w-rth-elektronik/885012005009/732-7427-1-ND/5454054</datasheet>
      <fields>
        <field name="DIGIKEY P/N">732-7427-1-ND</field>
        <field name="Rated DC voltage">10V</field>
        <field name="TOLERANCE">5%</field>
      </fields>
      <libsource lib="Device" part="C" description="Unpolarized capacitor"/>
      <sheetpath names="/" tstamps="/"/>
      <tstamp>5DD1A38D</tstamp>
    </comp>
    <comp ref="H1">
      <value>MountingHole</value>
      <footprint>MountingHole:MountingHole_2.1mm</footprint>
      <datasheet>~</datasheet>
      <libsource lib="Mechanical" part="MountingHole" description="Mounting Hole without connection"/>
      <sheetpath names="/" tstamps="/"/>
      <tstamp>5DC0B3D8</tstamp>
    </comp>
    <comp ref="H2">
      <value>MountingHole</value>
      <footprint>MountingHole:MountingHole_2.1mm</footprint>
      <datasheet>~</datasheet>
      <libsource lib="Mechanical" part="MountingHole" description="Mounting Hole without connection"/>
      <sheetpath names="/" tstamps="/"/>
      <tstamp>5DC4149F</tstamp>
    </comp>
    <comp ref="H3">
      <value>MountingHole</value>
      <footprint>MountingHole:MountingHole_2.1mm</footprint>
      <datasheet>~</datasheet>
      <libsource lib="Mechanical" part="MountingHole" description="Mounting Hole without connection"/>
      <sheetpath names="/" tstamps="/"/>
      <tstamp>5DC4A807</tstamp>
    </comp>
    <comp ref="H4">
      <value>MountingHole</value>
      <footprint>MountingHole:MountingHole_2.1mm</footprint>
      <datasheet>~</datasheet>
      <libsource lib="Mechanical" part="MountingHole" description="Mounting Hole without connection"/>
      <sheetpath names="/" tstamps="/"/>
      <tstamp>5DC4A80D</tstamp>
    </comp>
    <comp ref="J6">
      <value>B+</value>
      <footprint>Connector_PinHeader_2.54mm:PinHeader_1x01_P2.54mm_Vertical</footprint>
      <datasheet>https://www.digikey.com/product-detail/en/3m/929834-01-01-RK/3M156862-01-ND/2183993</datasheet>
      <fields>
        <field name="DIGIKEY P/N">3M156862-01-ND</field>
      </fields>
      <libsource lib="Connector" part="Conn_01x01_Male" description="Generic connector, single row, 01x01, script generated (kicad-library-utils/schlib/autogen/connector/)"/>
      <sheetpath names="/" tstamps="/"/>
      <tstamp>5DBE5D7C</tstamp>
    </comp>
    <comp ref="C20">
      <value>22p</value>
      <footprint>Capacitor_SMD:C_0402_1005Metric</footprint>
      <datasheet>https://www.digikey.com/product-detail/en/w-rth-elektronik/885012005009/732-7427-1-ND/5454054</datasheet>
      <fields>
        <field name="DIGIKEY P/N">732-7427-1-ND</field>
        <field name="Rated DC voltage">10V</field>
        <field name="Tolerance">5%</field>
      </fields>
      <libsource lib="Device" part="C" description="Unpolarized capacitor"/>
      <sheetpath names="/" tstamps="/"/>
      <tstamp>5DBE665D</tstamp>
    </comp>
    <comp ref="C8">
      <value>22u</value>
      <footprint>Capacitor_SMD:C_1206_3216Metric</footprint>
      <datasheet>~</datasheet>
      <fields>
        <field name="DIELECTRIC">X5R</field>
        <field name="MOUSER P/N">581-12063D226KAT2A</field>
        <field name="Tolerance ">10%</field>
        <field name="Voltage Rating DC">25 V</field>
      </fields>
      <libsource lib="Device" part="C" description="Unpolarized capacitor"/>
      <sheetpath names="/" tstamps="/"/>
      <tstamp>5DC1595C</tstamp>
    </comp>
    <comp ref="R1">
      <value>2.2k</value>
      <footprint>Resistor_SMD:R_0805_2012Metric</footprint>
      <datasheet>https://www.mouser.com/datasheet/2/427/mcx0x0xpro-1543900.pdf</datasheet>
      <fields>
        <field name="MOUSER P/N">594-MCU08050C2201FP5</field>
        <field name="Max power">0.4 W</field>
        <field name="Tolerance">1%</field>
      </fields>
      <libsource lib="Device" part="R" description="Resistor"/>
      <sheetpath names="/" tstamps="/"/>
      <tstamp>5DB6BB24</tstamp>
    </comp>
    <comp ref="R2">
      <value>10k</value>
      <footprint>Resistor_SMD:R_0603_1608Metric</footprint>
      <datasheet>https://www.mouser.com/datasheet/2/219/RN73R-1544889.pdf</datasheet>
      <fields>
        <field name="MOUSER P/N">660-RN73R1JTD1002B50</field>
        <field name="Power Rating">.1 W</field>
        <field name="Tolerance">0.1 %</field>
      </fields>
      <libsource lib="Device" part="R" description="Resistor"/>
      <sheetpath names="/" tstamps="/"/>
      <tstamp>5DBE360D</tstamp>
    </comp>
    <comp ref="J3">
      <value>+</value>
      <footprint>Connector_PinHeader_2.54mm:PinHeader_1x01_P2.54mm_Vertical</footprint>
      <datasheet>https://www.digikey.com/product-detail/en/3m/929834-01-01-RK/3M156862-01-ND/2183993</datasheet>
      <fields>
        <field name="DIGIKEY P/N">3M156862-01-ND</field>
      </fields>
      <libsource lib="Connector" part="Conn_01x01_Male" description="Generic connector, single row, 01x01, script generated (kicad-library-utils/schlib/autogen/connector/)"/>
      <sheetpath names="/" tstamps="/"/>
      <tstamp>5DBA36A3</tstamp>
    </comp>
    <comp ref="J2">
      <value>-</value>
      <footprint>Connector_PinHeader_2.54mm:PinHeader_1x01_P2.54mm_Vertical</footprint>
      <datasheet>https://www.digikey.com/product-detail/en/3m/929834-01-01-RK/3M156862-01-ND/2183993</datasheet>
      <fields>
        <field name="DIGIKEY P/N">3M156862-01-ND</field>
      </fields>
      <libsource lib="Connector" part="Conn_01x01_Male" description="Generic connector, single row, 01x01, script generated (kicad-library-utils/schlib/autogen/connector/)"/>
      <sheetpath names="/" tstamps="/"/>
      <tstamp>5DB84552</tstamp>
    </comp>
    <comp ref="Y1">
      <value>9B-16.000MBBK-B</value>
      <footprint>Crystal:Crystal_HC49-U_Vertical</footprint>
      <datasheet>https://www.digikey.com/products/en?keywords=887-2015-ND</datasheet>
      <fields>
        <field name="DIGIKEY P/N">N/A</field>
      </fields>
      <libsource lib="Device" part="Crystal" description="Two pin crystal"/>
      <sheetpath names="/" tstamps="/"/>
      <tstamp>5DD0A40F</tstamp>
    </comp>
    <comp ref="R3">
      <value>10k</value>
      <footprint>Resistor_SMD:R_0603_1608Metric</footprint>
      <datasheet>https://www.mouser.com/datasheet/2/219/RN73R-1544889.pdf</datasheet>
      <fields>
        <field name="MOUSER P/N">660-RN73R1JTD1002B50</field>
        <field name="Power Rating">.1 W</field>
        <field name="Tolerance">0.1 %</field>
      </fields>
      <libsource lib="Device" part="R" description="Resistor"/>
      <sheetpath names="/" tstamps="/"/>
      <tstamp>5DC12505</tstamp>
    </comp>
    <comp ref="C19">
      <value>C320C104M5U5TA</value>
      <footprint>C320C104M5U5TA:C320C</footprint>
      <datasheet>https://componentsearchengine.com/Datasheets/1/C320C104M5U5TA.pdf</datasheet>
      <fields>
        <field name="Description">KEMET 100nF Multilayer Ceramic Capacitor MLCC 50V dc +/-20% Z5U Dielectric C320, Max. Temp. +85C</field>
        <field name="Manufacturer_Name">Kemet</field>
        <field name="Manufacturer_Part_Number">C320C104M5U5TA</field>
        <field name="Mouser Part Number">80-C320C104M5U</field>
        <field name="Mouser Price/Stock">https://www.mouser.com/Search/Refine.aspx?Keyword=80-C320C104M5U</field>
      </fields>
      <libsource lib="C320C104M5U5TA" part="C320C104M5U5TA" description=""/>
      <sheetpath names="/" tstamps="/"/>
      <tstamp>5DC9D71B</tstamp>
    </comp>
    <comp ref="C18">
      <value>C320C104M5U5TA</value>
      <footprint>C320C104M5U5TA:C320C</footprint>
      <datasheet>https://componentsearchengine.com/Datasheets/1/C320C104M5U5TA.pdf</datasheet>
      <fields>
        <field name="Description">KEMET 100nF Multilayer Ceramic Capacitor MLCC 50V dc +/-20% Z5U Dielectric C320, Max. Temp. +85C</field>
        <field name="Manufacturer_Name">Kemet</field>
        <field name="Manufacturer_Part_Number">C320C104M5U5TA</field>
        <field name="Mouser Part Number">80-C320C104M5U</field>
        <field name="Mouser Price/Stock">https://www.mouser.com/Search/Refine.aspx?Keyword=80-C320C104M5U</field>
      </fields>
      <libsource lib="C320C104M5U5TA" part="C320C104M5U5TA" description=""/>
      <sheetpath names="/" tstamps="/"/>
      <tstamp>5DCDC4AE</tstamp>
    </comp>
    <comp ref="C17">
      <value>C320C104M5U5TA</value>
      <footprint>C320C104M5U5TA:C320C</footprint>
      <datasheet>https://componentsearchengine.com/Datasheets/1/C320C104M5U5TA.pdf</datasheet>
      <fields>
        <field name="Description">KEMET 100nF Multilayer Ceramic Capacitor MLCC 50V dc +/-20% Z5U Dielectric C320, Max. Temp. +85C</field>
        <field name="Manufacturer_Name">Kemet</field>
        <field name="Manufacturer_Part_Number">C320C104M5U5TA</field>
        <field name="Mouser Part Number">80-C320C104M5U</field>
        <field name="Mouser Price/Stock">https://www.mouser.com/Search/Refine.aspx?Keyword=80-C320C104M5U</field>
      </fields>
      <libsource lib="C320C104M5U5TA" part="C320C104M5U5TA" description=""/>
      <sheetpath names="/" tstamps="/"/>
      <tstamp>5DCE7D24</tstamp>
    </comp>
    <comp ref="C16">
      <value>C320C104M5U5TA</value>
      <footprint>C320C104M5U5TA:C320C</footprint>
      <datasheet>https://componentsearchengine.com/Datasheets/1/C320C104M5U5TA.pdf</datasheet>
      <fields>
        <field name="Description">KEMET 100nF Multilayer Ceramic Capacitor MLCC 50V dc +/-20% Z5U Dielectric C320, Max. Temp. +85C</field>
        <field name="Manufacturer_Name">Kemet</field>
        <field name="Manufacturer_Part_Number">C320C104M5U5TA</field>
        <field name="Mouser Part Number">80-C320C104M5U</field>
        <field name="Mouser Price/Stock">https://www.mouser.com/Search/Refine.aspx?Keyword=80-C320C104M5U</field>
      </fields>
      <libsource lib="C320C104M5U5TA" part="C320C104M5U5TA" description=""/>
      <sheetpath names="/" tstamps="/"/>
      <tstamp>5DCE7D37</tstamp>
    </comp>
    <comp ref="C13">
      <value>C320C104M5U5TA</value>
      <footprint>C320C104M5U5TA:C320C</footprint>
      <datasheet>https://componentsearchengine.com/Datasheets/1/C320C104M5U5TA.pdf</datasheet>
      <fields>
        <field name="Description">KEMET 100nF Multilayer Ceramic Capacitor MLCC 50V dc +/-20% Z5U Dielectric C320, Max. Temp. +85C</field>
        <field name="Manufacturer_Name">Kemet</field>
        <field name="Manufacturer_Part_Number">C320C104M5U5TA</field>
        <field name="Mouser Part Number">80-C320C104M5U</field>
        <field name="Mouser Price/Stock">https://www.mouser.com/Search/Refine.aspx?Keyword=80-C320C104M5U</field>
      </fields>
      <libsource lib="C320C104M5U5TA" part="C320C104M5U5TA" description=""/>
      <sheetpath names="/" tstamps="/"/>
      <tstamp>5DCF5675</tstamp>
    </comp>
    <comp ref="C11">
      <value>C320C104M5U5TA</value>
      <footprint>C320C104M5U5TA:C320C</footprint>
      <datasheet>https://componentsearchengine.com/Datasheets/1/C320C104M5U5TA.pdf</datasheet>
      <fields>
        <field name="Description">KEMET 100nF Multilayer Ceramic Capacitor MLCC 50V dc +/-20% Z5U Dielectric C320, Max. Temp. +85C</field>
        <field name="Manufacturer_Name">Kemet</field>
        <field name="Manufacturer_Part_Number">C320C104M5U5TA</field>
        <field name="Mouser Part Number">80-C320C104M5U</field>
        <field name="Mouser Price/Stock">https://www.mouser.com/Search/Refine.aspx?Keyword=80-C320C104M5U</field>
      </fields>
      <libsource lib="C320C104M5U5TA" part="C320C104M5U5TA" description=""/>
      <sheetpath names="/" tstamps="/"/>
      <tstamp>5DCF5688</tstamp>
    </comp>
    <comp ref="C10">
      <value>C320C104M5U5TA</value>
      <footprint>C320C104M5U5TA:C320C</footprint>
      <datasheet>https://componentsearchengine.com/Datasheets/1/C320C104M5U5TA.pdf</datasheet>
      <fields>
        <field name="Description">KEMET 100nF Multilayer Ceramic Capacitor MLCC 50V dc +/-20% Z5U Dielectric C320, Max. Temp. +85C</field>
        <field name="Manufacturer_Name">Kemet</field>
        <field name="Manufacturer_Part_Number">C320C104M5U5TA</field>
        <field name="Mouser Part Number">80-C320C104M5U</field>
        <field name="Mouser Price/Stock">https://www.mouser.com/Search/Refine.aspx?Keyword=80-C320C104M5U</field>
      </fields>
      <libsource lib="C320C104M5U5TA" part="C320C104M5U5TA" description=""/>
      <sheetpath names="/" tstamps="/"/>
      <tstamp>5DD02973</tstamp>
    </comp>
    <comp ref="C9">
      <value>C320C104M5U5TA</value>
      <footprint>C320C104M5U5TA:C320C</footprint>
      <datasheet>https://componentsearchengine.com/Datasheets/1/C320C104M5U5TA.pdf</datasheet>
      <fields>
        <field name="Description">KEMET 100nF Multilayer Ceramic Capacitor MLCC 50V dc +/-20% Z5U Dielectric C320, Max. Temp. +85C</field>
        <field name="Manufacturer_Name">Kemet</field>
        <field name="Manufacturer_Part_Number">C320C104M5U5TA</field>
        <field name="Mouser Part Number">80-C320C104M5U</field>
        <field name="Mouser Price/Stock">https://www.mouser.com/Search/Refine.aspx?Keyword=80-C320C104M5U</field>
      </fields>
      <libsource lib="C320C104M5U5TA" part="C320C104M5U5TA" description=""/>
      <sheetpath names="/" tstamps="/"/>
      <tstamp>5DD02986</tstamp>
    </comp>
    <comp ref="C7">
      <value>C320C104M5U5TA</value>
      <footprint>C320C104M5U5TA:C320C</footprint>
      <datasheet>https://componentsearchengine.com/Datasheets/1/C320C104M5U5TA.pdf</datasheet>
      <fields>
        <field name="Description">KEMET 100nF Multilayer Ceramic Capacitor MLCC 50V dc +/-20% Z5U Dielectric C320, Max. Temp. +85C</field>
        <field name="Manufacturer_Name">Kemet</field>
        <field name="Manufacturer_Part_Number">C320C104M5U5TA</field>
        <field name="Mouser Part Number">80-C320C104M5U</field>
        <field name="Mouser Price/Stock">https://www.mouser.com/Search/Refine.aspx?Keyword=80-C320C104M5U</field>
      </fields>
      <libsource lib="C320C104M5U5TA" part="C320C104M5U5TA" description=""/>
      <sheetpath names="/" tstamps="/"/>
      <tstamp>5DD0F686</tstamp>
    </comp>
    <comp ref="C5">
      <value>C320C104M5U5TA</value>
      <footprint>C320C104M5U5TA:C320C</footprint>
      <datasheet>https://componentsearchengine.com/Datasheets/1/C320C104M5U5TA.pdf</datasheet>
      <fields>
        <field name="Description">KEMET 100nF Multilayer Ceramic Capacitor MLCC 50V dc +/-20% Z5U Dielectric C320, Max. Temp. +85C</field>
        <field name="Manufacturer_Name">Kemet</field>
        <field name="Manufacturer_Part_Number">C320C104M5U5TA</field>
        <field name="Mouser Part Number">80-C320C104M5U</field>
        <field name="Mouser Price/Stock">https://www.mouser.com/Search/Refine.aspx?Keyword=80-C320C104M5U</field>
      </fields>
      <libsource lib="C320C104M5U5TA" part="C320C104M5U5TA" description=""/>
      <sheetpath names="/" tstamps="/"/>
      <tstamp>5DD0F699</tstamp>
    </comp>
    <comp ref="C2">
      <value>C320C104M5U5TA</value>
      <footprint>C320C104M5U5TA:C320C</footprint>
      <datasheet>https://componentsearchengine.com/Datasheets/1/C320C104M5U5TA.pdf</datasheet>
      <fields>
        <field name="Description">KEMET 100nF Multilayer Ceramic Capacitor MLCC 50V dc +/-20% Z5U Dielectric C320, Max. Temp. +85C</field>
        <field name="Manufacturer_Name">Kemet</field>
        <field name="Manufacturer_Part_Number">C320C104M5U5TA</field>
        <field name="Mouser Part Number">80-C320C104M5U</field>
        <field name="Mouser Price/Stock">https://www.mouser.com/Search/Refine.aspx?Keyword=80-C320C104M5U</field>
      </fields>
      <libsource lib="C320C104M5U5TA" part="C320C104M5U5TA" description=""/>
      <sheetpath names="/" tstamps="/"/>
      <tstamp>5DD0F6AC</tstamp>
    </comp>
    <comp ref="C1">
      <value>C320C104M5U5TA</value>
      <footprint>C320C104M5U5TA:C320C</footprint>
      <datasheet>https://componentsearchengine.com/Datasheets/1/C320C104M5U5TA.pdf</datasheet>
      <fields>
        <field name="Description">KEMET 100nF Multilayer Ceramic Capacitor MLCC 50V dc +/-20% Z5U Dielectric C320, Max. Temp. +85C</field>
        <field name="Manufacturer_Name">Kemet</field>
        <field name="Manufacturer_Part_Number">C320C104M5U5TA</field>
        <field name="Mouser Part Number">80-C320C104M5U</field>
        <field name="Mouser Price/Stock">https://www.mouser.com/Search/Refine.aspx?Keyword=80-C320C104M5U</field>
      </fields>
      <libsource lib="C320C104M5U5TA" part="C320C104M5U5TA" description=""/>
      <sheetpath names="/" tstamps="/"/>
      <tstamp>5DD0F6BF</tstamp>
    </comp>
  </components>
  <libparts>
    <libpart lib="C320C104M5U5TA" part="C320C104M5U5TA">
      <fields>
        <field name="Reference">C</field>
        <field name="Value">C320C104M5U5TA</field>
        <field name="Footprint">C320C</field>
        <field name="Datasheet">https://componentsearchengine.com/Datasheets/1/C320C104M5U5TA.pdf</field>
        <field name="Description">KEMET 100nF Multilayer Ceramic Capacitor MLCC 50V dc +/-20% Z5U Dielectric C320, Max. Temp. +85C</field>
        <field name="Mouser Part Number">80-C320C104M5U</field>
        <field name="Mouser Price/Stock">https://www.mouser.com/Search/Refine.aspx?Keyword=80-C320C104M5U</field>
        <field name="Manufacturer_Name">Kemet</field>
        <field name="Manufacturer_Part_Number">C320C104M5U5TA</field>
      </fields>
      <pins>
        <pin num="1" name="~" type="passive"/>
        <pin num="2" name="~" type="passive"/>
      </pins>
    </libpart>
    <libpart lib="Connector" part="Conn_01x01_Male">
      <description>Generic connector, single row, 01x01, script generated (kicad-library-utils/schlib/autogen/connector/)</description>
      <docs>~</docs>
      <footprints>
        <fp>Connector*:*</fp>
      </footprints>
      <fields>
        <field name="Reference">J</field>
        <field name="Value">Conn_01x01_Male</field>
      </fields>
      <pins>
        <pin num="1" name="Pin_1" type="passive"/>
      </pins>
    </libpart>
    <libpart lib="Connector" part="Conn_01x06_Female">
      <description>Generic connector, single row, 01x06, script generated (kicad-library-utils/schlib/autogen/connector/)</description>
      <docs>~</docs>
      <footprints>
        <fp>Connector*:*_1x??_*</fp>
      </footprints>
      <fields>
        <field name="Reference">J</field>
        <field name="Value">Conn_01x06_Female</field>
      </fields>
      <pins>
        <pin num="1" name="Pin_1" type="passive"/>
        <pin num="2" name="Pin_2" type="passive"/>
        <pin num="3" name="Pin_3" type="passive"/>
        <pin num="4" name="Pin_4" type="passive"/>
        <pin num="5" name="Pin_5" type="passive"/>
        <pin num="6" name="Pin_6" type="passive"/>
      </pins>
    </libpart>
    <libpart lib="Device" part="C">
      <description>Unpolarized capacitor</description>
      <docs>~</docs>
      <footprints>
        <fp>C_*</fp>
      </footprints>
      <fields>
        <field name="Reference">C</field>
        <field name="Value">C</field>
      </fields>
      <pins>
        <pin num="1" name="~" type="passive"/>
        <pin num="2" name="~" type="passive"/>
      </pins>
    </libpart>
    <libpart lib="Device" part="Crystal">
      <description>Two pin crystal</description>
      <docs>~</docs>
      <footprints>
        <fp>Crystal*</fp>
      </footprints>
      <fields>
        <field name="Reference">Y</field>
        <field name="Value">Crystal</field>
      </fields>
      <pins>
        <pin num="1" name="1" type="passive"/>
        <pin num="2" name="2" type="passive"/>
      </pins>
    </libpart>
    <libpart lib="Device" part="D_Schottky">
      <description>Schottky diode</description>
      <docs>~</docs>
      <footprints>
        <fp>TO-???*</fp>
        <fp>*_Diode_*</fp>
        <fp>*SingleDiode*</fp>
        <fp>D_*</fp>
      </footprints>
      <fields>
        <field name="Reference">D</field>
        <field name="Value">D_Schottky</field>
      </fields>
      <pins>
        <pin num="1" name="K" type="passive"/>
        <pin num="2" name="A" type="passive"/>
      </pins>
    </libpart>
    <libpart lib="Device" part="L">
      <description>Inductor</description>
      <docs>~</docs>
      <footprints>
        <fp>Choke_*</fp>
        <fp>*Coil*</fp>
        <fp>Inductor_*</fp>
        <fp>L_*</fp>
      </footprints>
      <fields>
        <field name="Reference">L</field>
        <field name="Value">L</field>
      </fields>
      <pins>
        <pin num="1" name="1" type="passive"/>
        <pin num="2" name="2" type="passive"/>
      </pins>
    </libpart>
    <libpart lib="Device" part="R">
      <description>Resistor</description>
      <docs>~</docs>
      <footprints>
        <fp>R_*</fp>
      </footprints>
      <fields>
        <field name="Reference">R</field>
        <field name="Value">R</field>
      </fields>
      <pins>
        <pin num="1" name="~" type="passive"/>
        <pin num="2" name="~" type="passive"/>
      </pins>
    </libpart>
    <libpart lib="Device" part="R_POT">
      <description>Potentiometer</description>
      <docs>~</docs>
      <footprints>
        <fp>Potentiometer*</fp>
      </footprints>
      <fields>
        <field name="Reference">RV</field>
        <field name="Value">R_POT</field>
      </fields>
      <pins>
        <pin num="1" name="1" type="passive"/>
        <pin num="2" name="2" type="passive"/>
        <pin num="3" name="3" type="passive"/>
      </pins>
    </libpart>
    <libpart lib="ECE411_SYMBOLS" part="ATmega48P-20PU">
      <aliases>
        <alias>ATmega48A-PU</alias>
        <alias>ATmega48PA-PU</alias>
        <alias>ATmega88PV-10PU</alias>
        <alias>ATmega88P-20PU</alias>
        <alias>ATmega88A-PU</alias>
        <alias>ATmega88PA-PU</alias>
        <alias>ATmega168PV-10PU</alias>
        <alias>ATmega168P-20PU</alias>
        <alias>ATmega168A-PU</alias>
        <alias>ATmega168PA-PU</alias>
        <alias>ATmega328-PU</alias>
        <alias>ATmega328P-PU</alias>
      </aliases>
      <description>20MHz, 4kB Flash, 512B SRAM, 256B EEPROM, DIP-28</description>
      <docs>http://ww1.microchip.com/downloads/en/DeviceDoc/Atmel-8025-8-bit-AVR-Microcontroller-ATmega48P-88P-168P_Datasheet.pdf</docs>
      <footprints>
        <fp>DIP*W7.62mm*</fp>
      </footprints>
      <fields>
        <field name="Reference">U</field>
        <field name="Value">ATmega48P-20PU</field>
        <field name="Footprint">Package_DIP:DIP-28_W7.62mm</field>
      </fields>
      <pins>
        <pin num="1" name="~RESET~/PC6" type="3state"/>
        <pin num="2" name="PD0" type="3state"/>
        <pin num="3" name="PD1" type="3state"/>
        <pin num="4" name="PD2" type="3state"/>
        <pin num="5" name="PD3" type="NotConnected"/>
        <pin num="6" name="PD4" type="NotConnected"/>
        <pin num="7" name="VCC" type="power_in"/>
        <pin num="8" name="GND" type="power_in"/>
        <pin num="9" name="XTAL1/PB6" type="3state"/>
        <pin num="10" name="XTAL2/PB7" type="3state"/>
        <pin num="11" name="PD5" type="3state"/>
        <pin num="12" name="PD6" type="NotConnected"/>
        <pin num="13" name="PD7" type="NotConnected"/>
        <pin num="14" name="PB0" type="NotConnected"/>
        <pin num="15" name="PB1" type="NotConnected"/>
        <pin num="16" name="PB2" type="NotConnected"/>
        <pin num="17" name="PB3" type="3state"/>
        <pin num="18" name="PB4" type="3state"/>
        <pin num="19" name="PB5" type="3state"/>
        <pin num="20" name="AVCC" type="power_in"/>
        <pin num="21" name="AREF" type="NotConnected"/>
        <pin num="22" name="GND" type="passive"/>
        <pin num="23" name="PC0" type="NotConnected"/>
        <pin num="24" name="PC1" type="NotConnected"/>
        <pin num="25" name="PC2" type="NotConnected"/>
        <pin num="26" name="PC3" type="NotConnected"/>
        <pin num="27" name="PC4" type="3state"/>
        <pin num="28" name="PC5" type="3state"/>
      </pins>
    </libpart>
    <libpart lib="ECE411_SYMBOLS" part="Conn_01x08_Female">
      <description>Generic connector, single row, 01x08, script generated (kicad-library-utils/schlib/autogen/connector/)</description>
      <docs>~</docs>
      <footprints>
        <fp>Connector*:*_1x??_*</fp>
      </footprints>
      <fields>
        <field name="Reference">J</field>
        <field name="Value">Conn_01x08_Female</field>
      </fields>
      <pins>
        <pin num="1" name="Pin_1" type="passive"/>
        <pin num="2" name="Pin_2" type="passive"/>
        <pin num="3" name="Pin_3" type="passive"/>
        <pin num="4" name="Pin_4" type="passive"/>
        <pin num="5" name="Pin_5" type="NotConnected"/>
        <pin num="6" name="Pin_6" type="NotConnected"/>
        <pin num="7" name="Pin_7" type="NotConnected"/>
        <pin num="8" name="Pin_8" type="NotConnected"/>
      </pins>
    </libpart>
    <libpart lib="ECE411_SYMBOLS" part="MT3608">
      <docs>https://www.olimex.com/Products/Breadboarding/BB-PWR-3608/resources/MT3608.pdf</docs>
      <fields>
        <field name="Reference">U</field>
        <field name="Value">MT3608</field>
        <field name="Footprint">Package_TO_SOT_SMD:SOT-23-6</field>
      </fields>
      <pins>
        <pin num="1" name="SW" type="power_out"/>
        <pin num="2" name="GND" type="power_out"/>
        <pin num="3" name="FB" type="power_out"/>
        <pin num="4" name="EN" type="power_in"/>
        <pin num="5" name="Vin" type="power_in"/>
        <pin num="6" name="NC" type="NotConnected"/>
      </pins>
    </libpart>
    <libpart lib="LED" part="WS2812B">
      <description>RGB LED with integrated controller</description>
      <docs>https://cdn-shop.adafruit.com/datasheets/WS2812B.pdf</docs>
      <footprints>
        <fp>LED*WS2812*PLCC*5.0x5.0mm*P3.2mm*</fp>
      </footprints>
      <fields>
        <field name="Reference">D</field>
        <field name="Value">WS2812B</field>
        <field name="Footprint">LED_SMD:LED_WS2812B_PLCC4_5.0x5.0mm_P3.2mm</field>
      </fields>
      <pins>
        <pin num="1" name="VDD" type="power_in"/>
        <pin num="2" name="DOUT" type="output"/>
        <pin num="3" name="VSS" type="power_in"/>
        <pin num="4" name="DIN" type="input"/>
      </pins>
    </libpart>
    <libpart lib="Mechanical" part="MountingHole">
      <description>Mounting Hole without connection</description>
      <docs>~</docs>
      <footprints>
        <fp>MountingHole*</fp>
      </footprints>
      <fields>
        <field name="Reference">H</field>
        <field name="Value">MountingHole</field>
      </fields>
    </libpart>
    <libpart lib="Regulator_Linear" part="LP2985-1.8">
      <aliases>
        <alias>LP2985-2.5</alias>
        <alias>LP2985-2.8</alias>
        <alias>LP2985-2.9</alias>
        <alias>LP2985-3.0</alias>
        <alias>LP2985-3.1</alias>
        <alias>LP2985-3.3</alias>
        <alias>LP2985-5.0</alias>
        <alias>LP2985-10.0</alias>
      </aliases>
      <description>150mA 16V Low-noise Low-dropout Regulator With Shutdown, 1.8V output voltage, SOT-23-5</description>
      <docs>http://www.ti.com/lit/ds/symlink/lp2985.pdf</docs>
      <footprints>
        <fp>SOT?23*</fp>
      </footprints>
      <fields>
        <field name="Reference">U</field>
        <field name="Value">LP2985-1.8</field>
        <field name="Footprint">Package_TO_SOT_SMD:SOT-23-5</field>
      </fields>
      <pins>
        <pin num="1" name="VIN" type="power_in"/>
        <pin num="2" name="GND" type="power_in"/>
        <pin num="3" name="ON/~OFF~" type="input"/>
        <pin num="4" name="BP" type="input"/>
        <pin num="5" name="VOUT" type="power_out"/>
      </pins>
    </libpart>
  </libparts>
  <libraries>
    <library logical="C320C104M5U5TA">
      <uri>/Users/ignacio/Ignacio_Documents/KICAD_Designs/ECE_411_project/C320C104M5U5TA.lib</uri>
    </library>
    <library logical="Connector">
      <uri>/Library/Application Support/kicad/library/Connector.lib</uri>
    </library>
    <library logical="Device">
      <uri>/Library/Application Support/kicad/library/Device.lib</uri>
    </library>
    <library logical="ECE411_SYMBOLS">
      <uri>/Users/ignacio/Ignacio_Documents/KICAD_Designs/ECE_411_project/ECE411_SYMBOLS.lib</uri>
    </library>
    <library logical="LED">
      <uri>/Library/Application Support/kicad/library/LED.lib</uri>
    </library>
    <library logical="Mechanical">
      <uri>/Library/Application Support/kicad/library/Mechanical.lib</uri>
    </library>
    <library logical="Regulator_Linear">
      <uri>/Library/Application Support/kicad/library/Regulator_Linear.lib</uri>
    </library>
  </libraries>
  <nets>
    <net code="1" name="+3V3">
      <node ref="J8" pin="1"/>
      <node ref="C6" pin="1"/>
      <node ref="U2" pin="5"/>
    </net>
    <net code="2" name="/BatteryOUT">
      <node ref="J4" pin="1"/>
      <node ref="U2" pin="1"/>
      <node ref="U2" pin="3"/>
      <node ref="U1" pin="4"/>
      <node ref="U1" pin="5"/>
      <node ref="C3" pin="1"/>
      <node ref="L1" pin="1"/>
      <node ref="C4" pin="1"/>
    </net>
    <net code="3" name="Net-(U2-Pad4)">
      <node ref="U2" pin="4"/>
    </net>
    <net code="4" name="Net-(U1-Pad6)">
      <node ref="U1" pin="6"/>
    </net>
    <net code="5" name="Net-(D4-Pad2)">
      <node ref="L1" pin="2"/>
      <node ref="D4" pin="2"/>
      <node ref="U1" pin="1"/>
    </net>
    <net code="6" name="Net-(R1-Pad1)">
      <node ref="R1" pin="1"/>
      <node ref="RV1" pin="1"/>
    </net>
    <net code="7" name="Net-(RV1-Pad2)">
      <node ref="U1" pin="3"/>
      <node ref="RV1" pin="2"/>
    </net>
    <net code="8" name="Net-(D8-Pad4)">
      <node ref="D8" pin="4"/>
      <node ref="D9" pin="2"/>
    </net>
    <net code="9" name="Net-(D7-Pad4)">
      <node ref="D8" pin="2"/>
      <node ref="D7" pin="4"/>
    </net>
    <net code="10" name="Net-(D6-Pad4)">
      <node ref="D7" pin="2"/>
      <node ref="D6" pin="4"/>
    </net>
    <net code="11" name="Net-(D5-Pad4)">
      <node ref="D6" pin="2"/>
      <node ref="D5" pin="4"/>
    </net>
    <net code="12" name="Net-(D3-Pad4)">
      <node ref="D5" pin="2"/>
      <node ref="D3" pin="4"/>
    </net>
    <net code="13" name="Net-(D2-Pad4)">
      <node ref="D2" pin="4"/>
      <node ref="D3" pin="2"/>
    </net>
    <net code="14" name="Net-(D1-Pad2)">
      <node ref="D1" pin="2"/>
    </net>
    <net code="15" name="Net-(D1-Pad4)">
      <node ref="D1" pin="4"/>
      <node ref="D2" pin="2"/>
    </net>
    <net code="16" name="/SCL">
      <node ref="U3" pin="28"/>
      <node ref="J8" pin="3"/>
    </net>
    <net code="17" name="/SDA">
      <node ref="J8" pin="4"/>
      <node ref="U3" pin="27"/>
    </net>
    <net code="18" name="Net-(C20-Pad2)">
      <node ref="C20" pin="2"/>
      <node ref="U3" pin="10"/>
      <node ref="Y1" pin="2"/>
    </net>
    <net code="19" name="Net-(U3-Pad12)">
      <node ref="U3" pin="12"/>
    </net>
    <net code="20" name="Net-(U3-Pad13)">
      <node ref="U3" pin="13"/>
    </net>
    <net code="21" name="Net-(U3-Pad14)">
      <node ref="U3" pin="14"/>
    </net>
    <net code="22" name="Net-(U3-Pad15)">
      <node ref="U3" pin="15"/>
    </net>
    <net code="23" name="Net-(U3-Pad16)">
      <node ref="U3" pin="16"/>
    </net>
    <net code="24" name="Net-(U3-Pad21)">
      <node ref="U3" pin="21"/>
    </net>
    <net code="25" name="GND">
      <node ref="C1" pin="2"/>
      <node ref="C2" pin="2"/>
      <node ref="D8" pin="3"/>
      <node ref="D9" pin="3"/>
      <node ref="C5" pin="2"/>
      <node ref="D7" pin="3"/>
      <node ref="C7" pin="2"/>
      <node ref="C9" pin="2"/>
      <node ref="D6" pin="3"/>
      <node ref="C10" pin="2"/>
      <node ref="C11" pin="2"/>
      <node ref="D5" pin="3"/>
      <node ref="C13" pin="2"/>
      <node ref="C16" pin="2"/>
      <node ref="D3" pin="3"/>
      <node ref="C17" pin="2"/>
      <node ref="C18" pin="2"/>
      <node ref="D2" pin="3"/>
      <node ref="C19" pin="2"/>
      <node ref="J2" pin="1"/>
      <node ref="R1" pin="2"/>
      <node ref="D1" pin="3"/>
      <node ref="C8" pin="2"/>
      <node ref="C20" pin="1"/>
      <node ref="C15" pin="1"/>
      <node ref="C12" pin="1"/>
      <node ref="C14" pin="2"/>
      <node ref="J7" pin="1"/>
      <node ref="J5" pin="1"/>
      <node ref="U2" pin="2"/>
      <node ref="C4" pin="2"/>
      <node ref="U1" pin="2"/>
      <node ref="U3" pin="22"/>
      <node ref="D13" pin="3"/>
      <node ref="U3" pin="8"/>
      <node ref="J8" pin="2"/>
      <node ref="C3" pin="2"/>
      <node ref="C6" pin="2"/>
      <node ref="D12" pin="3"/>
      <node ref="D10" pin="3"/>
      <node ref="D11" pin="3"/>
    </net>
    <net code="26" name="Net-(U3-Pad23)">
      <node ref="U3" pin="23"/>
    </net>
    <net code="27" name="Net-(U3-Pad24)">
      <node ref="U3" pin="24"/>
    </net>
    <net code="28" name="Net-(U3-Pad25)">
      <node ref="U3" pin="25"/>
    </net>
    <net code="29" name="Net-(U3-Pad26)">
      <node ref="U3" pin="26"/>
    </net>
    <net code="30" name="Net-(U3-Pad5)">
      <node ref="U3" pin="5"/>
    </net>
    <net code="31" name="Net-(U3-Pad6)">
      <node ref="U3" pin="6"/>
    </net>
    <net code="32" name="+5V">
      <node ref="D12" pin="1"/>
      <node ref="D10" pin="1"/>
      <node ref="D13" pin="1"/>
      <node ref="U3" pin="7"/>
      <node ref="D11" pin="1"/>
      <node ref="C1" pin="1"/>
      <node ref="D8" pin="1"/>
      <node ref="C2" pin="1"/>
      <node ref="U3" pin="20"/>
      <node ref="D9" pin="1"/>
      <node ref="C5" pin="1"/>
      <node ref="D7" pin="1"/>
      <node ref="C7" pin="1"/>
      <node ref="C9" pin="1"/>
      <node ref="D6" pin="1"/>
      <node ref="C10" pin="1"/>
      <node ref="C14" pin="1"/>
      <node ref="C11" pin="1"/>
      <node ref="D5" pin="1"/>
      <node ref="C12" pin="2"/>
      <node ref="C8" pin="1"/>
      <node ref="D1" pin="1"/>
      <node ref="R2" pin="1"/>
      <node ref="C13" pin="1"/>
      <node ref="C16" pin="1"/>
      <node ref="D3" pin="1"/>
      <node ref="RV1" pin="3"/>
      <node ref="C17" pin="1"/>
      <node ref="D2" pin="1"/>
      <node ref="C18" pin="1"/>
      <node ref="D4" pin="1"/>
      <node ref="C19" pin="1"/>
    </net>
    <net code="33" name="Net-(J8-Pad5)">
      <node ref="J8" pin="5"/>
    </net>
    <net code="34" name="Net-(J8-Pad6)">
      <node ref="J8" pin="6"/>
    </net>
    <net code="35" name="Net-(J8-Pad7)">
      <node ref="J8" pin="7"/>
    </net>
    <net code="36" name="Net-(J8-Pad8)">
      <node ref="J8" pin="8"/>
    </net>
    <net code="37" name="Net-(D10-Pad2)">
      <node ref="D10" pin="2"/>
      <node ref="D9" pin="4"/>
    </net>
    <net code="38" name="Net-(D10-Pad4)">
      <node ref="D10" pin="4"/>
      <node ref="D11" pin="2"/>
    </net>
    <net code="39" name="Net-(D11-Pad4)">
      <node ref="D11" pin="4"/>
      <node ref="D12" pin="2"/>
    </net>
    <net code="40" name="Net-(D12-Pad4)">
      <node ref="D12" pin="4"/>
      <node ref="D13" pin="2"/>
    </net>
    <net code="41" name="/LED_CONTROL">
      <node ref="D13" pin="4"/>
      <node ref="U3" pin="11"/>
    </net>
    <net code="42" name="/RESET*">
      <node ref="J1" pin="1"/>
      <node ref="R2" pin="2"/>
      <node ref="U3" pin="1"/>
    </net>
    <net code="43" name="/RX">
      <node ref="J1" pin="2"/>
      <node ref="U3" pin="2"/>
    </net>
    <net code="44" name="/TX">
      <node ref="U3" pin="3"/>
      <node ref="J1" pin="3"/>
    </net>
    <net code="45" name="/MOSI">
      <node ref="U3" pin="17"/>
      <node ref="J1" pin="4"/>
    </net>
    <net code="46" name="/MISO">
      <node ref="U3" pin="18"/>
      <node ref="J1" pin="5"/>
    </net>
    <net code="47" name="/SCK">
      <node ref="U3" pin="19"/>
      <node ref="J1" pin="6"/>
    </net>
    <net code="48" name="Battery_Charge">
      <node ref="J6" pin="1"/>
    </net>
    <net code="49" name="Net-(C15-Pad2)">
      <node ref="C15" pin="2"/>
      <node ref="Y1" pin="1"/>
      <node ref="U3" pin="9"/>
    </net>
    <net code="50" name="Net-(R3-Pad2)">
      <node ref="R3" pin="2"/>
      <node ref="U3" pin="4"/>
    </net>
    <net code="51" name="Charge_IN">
      <node ref="R3" pin="1"/>
      <node ref="J3" pin="1"/>
    </net>
  </nets>
</export>
